prediction,y_train
50.156500000000015,51.1
60.667,60.22
43.62189999999996,44.1
