prediction,y_train
44.82049999999998,44.6
62.12480000000004,61.14
46.68140000000001,46.4
